{
	"partitions" : [
		{
			"name" : "Top",
			"pins" : [
				{
					"name" : "hsync",
					"strict" : false
				},
				{
					"name" : "vsync",
					"strict" : false
				},
				{
					"name" : "red[0]",
					"strict" : false
				},
				{
					"name" : "red[1]",
					"strict" : false
				},
				{
					"name" : "red[2]",
					"strict" : false
				},
				{
					"name" : "red[3]",
					"strict" : false
				},
				{
					"name" : "green[0]",
					"strict" : false
				},
				{
					"name" : "green[1]",
					"strict" : false
				},
				{
					"name" : "green[2]",
					"strict" : false
				},
				{
					"name" : "green[3]",
					"strict" : false
				},
				{
					"name" : "blue[0]",
					"strict" : false
				},
				{
					"name" : "blue[1]",
					"strict" : false
				},
				{
					"name" : "blue[2]",
					"strict" : false
				},
				{
					"name" : "blue[3]",
					"strict" : false
				},
				{
					"name" : "hundreds[0]",
					"strict" : false
				},
				{
					"name" : "hundreds[1]",
					"strict" : false
				},
				{
					"name" : "hundreds[2]",
					"strict" : false
				},
				{
					"name" : "hundreds[3]",
					"strict" : false
				},
				{
					"name" : "hundreds[4]",
					"strict" : false
				},
				{
					"name" : "hundreds[5]",
					"strict" : false
				},
				{
					"name" : "hundreds[6]",
					"strict" : false
				},
				{
					"name" : "tens[0]",
					"strict" : false
				},
				{
					"name" : "tens[1]",
					"strict" : false
				},
				{
					"name" : "tens[2]",
					"strict" : false
				},
				{
					"name" : "tens[3]",
					"strict" : false
				},
				{
					"name" : "tens[4]",
					"strict" : false
				},
				{
					"name" : "tens[5]",
					"strict" : false
				},
				{
					"name" : "tens[6]",
					"strict" : false
				},
				{
					"name" : "units[0]",
					"strict" : false
				},
				{
					"name" : "units[1]",
					"strict" : false
				},
				{
					"name" : "units[2]",
					"strict" : false
				},
				{
					"name" : "units[3]",
					"strict" : false
				},
				{
					"name" : "units[4]",
					"strict" : false
				},
				{
					"name" : "units[5]",
					"strict" : false
				},
				{
					"name" : "units[6]",
					"strict" : false
				},
				{
					"name" : "dot_row[0]",
					"strict" : false
				},
				{
					"name" : "dot_row[1]",
					"strict" : false
				},
				{
					"name" : "dot_row[2]",
					"strict" : false
				},
				{
					"name" : "dot_row[3]",
					"strict" : false
				},
				{
					"name" : "dot_row[4]",
					"strict" : false
				},
				{
					"name" : "dot_row[5]",
					"strict" : false
				},
				{
					"name" : "dot_row[6]",
					"strict" : false
				},
				{
					"name" : "dot_row[7]",
					"strict" : false
				},
				{
					"name" : "dot_col[0]",
					"strict" : false
				},
				{
					"name" : "dot_col[1]",
					"strict" : false
				},
				{
					"name" : "dot_col[2]",
					"strict" : false
				},
				{
					"name" : "dot_col[3]",
					"strict" : false
				},
				{
					"name" : "dot_col[4]",
					"strict" : false
				},
				{
					"name" : "dot_col[5]",
					"strict" : false
				},
				{
					"name" : "dot_col[6]",
					"strict" : false
				},
				{
					"name" : "dot_col[7]",
					"strict" : false
				},
				{
					"name" : "rst",
					"strict" : false
				},
				{
					"name" : "ps2_clk",
					"strict" : false
				},
				{
					"name" : "clk",
					"strict" : false
				},
				{
					"name" : "ps2_data",
					"strict" : false
				}
			]
		}
	]
}